-- ============================================================
-- 种子数据 - 填报平台
-- ============================================================

SET NAMES utf8mb4;

-- -----------------------------------------------------------
-- 地区数据 (合肥 + 多个区)
-- -----------------------------------------------------------
INSERT INTO `regions` (`id`, `name`, `parent_id`, `level`, `sort_order`) VALUES
(1, '合肥市', NULL, 1, 1),
(2, '瑶海区', 1, 2, 1),
(3, '庐阳区', 1, 2, 2),
(4, '蜀山区', 1, 2, 3),
(5, '包河区', 1, 2, 4),
(6, '肥东县', 1, 2, 5),
(7, '肥西县', 1, 2, 6),
(8, '长丰县', 1, 2, 7),
(9, '庐江县', 1, 2, 8),
(10, '巢湖市', 1, 2, 9),
(11, '高新区', 1, 2, 10),
(12, '经开区', 1, 2, 11),
(13, '新站区', 1, 2, 12);

-- -----------------------------------------------------------
-- 分类数据
-- -----------------------------------------------------------
INSERT INTO `categories` (`id`, `name`, `sort_order`, `status`) VALUES
(1, '药品', 1, 1),
(2, '医疗器械', 2, 1),
(3, '化妆品', 3, 1);

-- -----------------------------------------------------------
-- 管理员 (密码: admin123 的 bcrypt hash)
-- -----------------------------------------------------------
INSERT INTO `admins` (`username`, `password`, `real_name`, `role`, `permissions`, `region_ids`) VALUES
('admin', '$2y$10$5kHkVkgv0RHmmPiwJN9U0ukR/9Btjv1OcclUnPZ3sKmcoQ9hi42n6', '超级管理员', 'super_admin', '["content","form","admin","report"]', '[1,2,3,4,5,6,7,8,9,10,11,12,13]'),
('hefei_admin', '$2y$10$5kHkVkgv0RHmmPiwJN9U0ukR/9Btjv1OcclUnPZ3sKmcoQ9hi42n6', '合肥管理员', 'admin', '["content","form","report"]', '[1,2,3,4,5]'),
('yaohai_admin', '$2y$10$5kHkVkgv0RHmmPiwJN9U0ukR/9Btjv1OcclUnPZ3sKmcoQ9hi42n6', '瑶海区管理员', 'admin', '["form","report"]', '[2]');

-- -----------------------------------------------------------
-- 系统配置 (标题、须知、广告图)
-- -----------------------------------------------------------
INSERT INTO `sys_config` (`config_key`, `config_value`, `config_type`, `page_level`, `category_id`) VALUES
('platform_title', '药品医疗器械化妆品不良反应/事件填报平台', 'text', 0, NULL),
('home_banner', '/uploads/default/home_banner.jpg', 'image', 1, NULL),
('notice_content', '欢迎使用本填报平台。在使用前，请您仔细阅读以下须知：\n\n1. 本平台用于收集药品、医疗器械、化妆品不良反应/事件的填报信息。\n2. 请如实填写相关信息，确保信息的真实性和准确性。\n3. 您提交的信息将受到严格保密，仅用于不良反应监测工作。\n4. 填报完成后请妥善保管您的填报记录。\n5. 如有疑问请联系管理员。', 'html', 0, NULL),
('level2_banner', '/uploads/default/level2_banner.jpg', 'image', 2, NULL),
('level2_banner_cat1', '/uploads/default/level2_cat1_banner.jpg', 'image', 2, 1),
('level2_banner_cat2', '/uploads/default/level2_cat2_banner.jpg', 'image', 2, 2),
('level2_banner_cat3', '/uploads/default/level2_cat3_banner.jpg', 'image', 2, 3),
('level3_banner_cat1', '/uploads/default/level3_cat1_banner.jpg', 'image', 3, 1),
('level3_banner_cat2', '/uploads/default/level3_cat2_banner.jpg', 'image', 3, 2),
('level3_banner_cat3', '/uploads/default/level3_cat3_banner.jpg', 'image', 3, 3);

-- -----------------------------------------------------------
-- 知识信息 (首页 + 二级页各分类)
-- -----------------------------------------------------------
INSERT INTO `knowledge` (`category_id`, `title`, `summary`, `content`, `page_level`, `sort_order`) VALUES
(NULL, '什么是药品不良反应？', '药品不良反应是指合格药品在正常用法用量下出现的与用药目的无关的有害反应。', '药品不良反应（ADR）是指合格药品在正常用法用量下出现的与用药目的无关的有害反应。了解和报告药品不良反应对于保障公众用药安全具有重要意义。', 1, 1),
(NULL, '为什么要报告不良反应？', '及时报告有助于发现药品安全隐患，保障公众健康。', '报告不良反应是每个公民的权利和义务，通过收集和分析不良反应信息，可以及时发现药品安全风险信号，为药品监管提供科学依据。', 1, 2),
(NULL, '如何填写不良反应报告？', '请按照表单提示逐项填写，确保信息真实准确。', '填写不良反应报告时，请注意以下几点：1. 如实填写患者基本信息；2. 详细描述不良反应的表现和经过；3. 提供所使用药品/器械/化妆品的详细信息。', 1, 3),
(1, '药品不良反应监测要点', '了解药品不良反应的常见类型和报告要求', '药品不良反应监测是药品上市后安全监管的重要手段，通过系统地收集、分析和评价药品不良反应信息，为药品安全性评价提供依据。', 2, 1),
(1, '常见药品不良反应类型', '药品不良反应可分为A型和B型两大类', 'A型不良反应与药品的药理作用有关，通常与剂量相关；B型不良反应与药品的药理作用无关，通常难以预测。', 2, 2),
(2, '医疗器械不良事件报告指南', '了解医疗器械不良事件的定义和报告流程', '医疗器械不良事件是指获准上市的质量合格的医疗器械在正常使用情况下发生的导致或者可能导致人体伤害的各种有害事件。', 2, 1),
(2, '医疗器械分类管理', '医疗器械按风险程度分为三类管理', '第一类是风险程度低的医疗器械；第二类是具有中度风险的医疗器械；第三类是具有较高风险的医疗器械。', 2, 2),
(3, '化妆品不良反应监测须知', '了解化妆品不良反应的特点和报告方式', '化妆品不良反应是指人们在日常生活中正常使用化妆品所引起的皮肤及其附属器的病变，以及人体局部或全身性的损害。', 2, 1),
(3, '化妆品安全使用提示', '正确选择和使用化妆品，减少不良反应发生', '使用化妆品前应先进行皮肤测试，选择正规渠道购买产品，注意查看产品标签和保质期。', 2, 2);

-- -----------------------------------------------------------
-- 注意事项 (三级页面)
-- -----------------------------------------------------------
INSERT INTO `notices` (`category_id`, `title`, `content`, `sort_order`) VALUES
(1, '请您注意', '填写药品不良反应报告时，请注意以下事项：\n\n1. 请如实填写患者的基本信息，包括姓名、年龄、性别等。\n2. 详细描述不良反应的症状、发生时间和持续时间。\n3. 提供药品名称、生产厂家、批号、用法用量等信息。\n4. 如有相关医学检查报告，请一并提供。\n5. 填报信息仅用于药品安全监测，您的个人信息将被严格保密。', 1),
(2, '请您注意', '填写医疗器械不良事件报告时，请注意以下事项：\n\n1. 请提供医疗器械的名称、型号规格、生产企业等信息。\n2. 详细描述不良事件的发生经过和后果。\n3. 说明医疗器械的使用场景和操作人员资质。\n4. 如有设备故障照片或检测报告，请上传。\n5. 所有信息仅用于医疗器械安全监测，请放心填写。', 1),
(3, '请您注意', '填写化妆品不良反应报告时，请注意以下事项：\n\n1. 请提供化妆品的名称、品牌、生产批号等信息。\n2. 详细描述不良反应的皮肤症状和发生部位。\n3. 说明化妆品的使用方式和使用频率。\n4. 如有皮肤反应照片，请上传。\n5. 您的个人信息将严格保密，仅用于化妆品安全评估。', 1);

-- -----------------------------------------------------------
-- 表单字段定义 (四级页面 - 每个分类的填报表单)
-- -----------------------------------------------------------
-- 药品填报字段
INSERT INTO `form_fields` (`category_id`, `field_name`, `field_type`, `field_options`, `is_required`, `sort_order`) VALUES
(1, '患者姓名', 'text', '{"placeholder": "请输入患者姓名"}', 1, 1),
(1, '性别', 'radio', '{"options": ["男", "女"]}', 1, 2),
(1, '年龄', 'text', '{"placeholder": "请输入年龄"}', 1, 3),
(1, '药品名称', 'text', '{"placeholder": "请输入药品通用名称"}', 1, 4),
(1, '不良反应描述', 'textarea', '{"rows": 5, "cols": 50, "placeholder": "请详细描述不良反应情况"}', 1, 5),
(1, '发生日期', 'date', NULL, 1, 6),
(1, '所在地区', 'region', '{"default_city": "合肥市"}', 1, 7),
(1, '相关图片', 'image', '{"max_count": 3, "accept": "image/*"}', 0, 8);

-- 医疗器械填报字段
INSERT INTO `form_fields` (`category_id`, `field_name`, `field_type`, `field_options`, `is_required`, `sort_order`) VALUES
(2, '报告人姓名', 'text', '{"placeholder": "请输入报告人姓名"}', 1, 1),
(2, '联系电话', 'text', '{"placeholder": "请输入联系电话"}', 1, 2),
(2, '器械名称', 'text', '{"placeholder": "请输入医疗器械名称"}', 1, 3),
(2, '器械型号', 'text', '{"placeholder": "请输入型号规格"}', 0, 4),
(2, '事件描述', 'textarea', '{"rows": 5, "cols": 50, "placeholder": "请详细描述不良事件"}', 1, 5),
(2, '发生日期', 'date', NULL, 1, 6),
(2, '所在地区', 'region', '{"default_city": "合肥市"}', 1, 7),
(2, '相关图片', 'image', '{"max_count": 3, "accept": "image/*"}', 0, 8);

-- 化妆品填报字段
INSERT INTO `form_fields` (`category_id`, `field_name`, `field_type`, `field_options`, `is_required`, `sort_order`) VALUES
(3, '患者姓名', 'text', '{"placeholder": "请输入患者姓名"}', 1, 1),
(3, '性别', 'radio', '{"options": ["男", "女"]}', 1, 2),
(3, '化妆品名称', 'text', '{"placeholder": "请输入化妆品名称"}', 1, 3),
(3, '化妆品品牌', 'text', '{"placeholder": "请输入品牌"}', 0, 4),
(3, '不良反应描述', 'textarea', '{"rows": 5, "cols": 50, "placeholder": "请详细描述皮肤不良反应"}', 1, 5),
(3, '反应部位', 'radio', '{"options": ["面部", "颈部", "手部", "全身", "其他"]}', 1, 6),
(3, '发生日期', 'date', NULL, 1, 7),
(3, '所在地区', 'region', '{"default_city": "合肥市"}', 1, 8),
(3, '相关图片', 'image', '{"max_count": 3, "accept": "image/*"}', 0, 9);

-- -----------------------------------------------------------
-- 示例填报记录
-- -----------------------------------------------------------
INSERT INTO `reports` (`category_id`, `region_id`, `form_data`, `status`) VALUES
(1, 2, '{"患者姓名":"张三","性别":"男","年龄":"45","药品名称":"阿莫西林胶囊","不良反应描述":"服药后出现皮疹和瘙痒","发生日期":"2026-01-15","所在地区":"瑶海区"}', 'submitted'),
(2, 3, '{"报告人姓名":"李四","联系电话":"13800138000","器械名称":"血糖仪","器械型号":"ABC-100","事件描述":"测量数据异常偏高","发生日期":"2026-01-20","所在地区":"庐阳区"}', 'submitted'),
(3, 4, '{"患者姓名":"王五","性别":"女","化妆品名称":"某品牌面霜","化妆品品牌":"XX品牌","不良反应描述":"使用后面部出现红肿","反应部位":"面部","发生日期":"2026-02-01","所在地区":"蜀山区"}', 'submitted');
